catalogo_id,catalogo_nome,gif_sugerido,confianca,aprovar(sim/nao/corrigir)
45ecd58e-bc6a-4677-a07d-6613fed64285,Ab Wheel Rollout,,0,
46a52bac-1dc1-4311-a62d-e736287312e5,Abdominal na Polia (Unilateral),,0,
53e16a5d-a13c-4ab7-964d-18c43e303711,Abdominal na Polia Alta,,0,
01592483-8094-46bc-b7dc-05d2c9822382,Abdominal Remador (Barco),,0,
0068de4a-a2d8-4c7b-8f0f-0b4ab8df739a,Air Bike – Contínuo Leve,,0,
2cf1cef9-9d74-4dc6-adb2-882587e795a5,Air Bike – EMOM 10–15min,,0,
47438dcf-fc76-45b6-bf43-ca797bb3d17a,Bear Crawl,,0,
55212a6b-8f41-4dd5-893a-c789fd7ed437,Belt Squat (Agachamento com Cinto),,0,
6f95ed88-f631-4d7c-b2f2-d1af445ddb7a,Belt Squat (Pés Altos na Plataforma),,0,
ab01b0ca-914d-40f3-af87-4c53ae121ec3,Box Jump Profundo,,0,
4f85a8a9-e764-4534-9235-b86a674b94dc,Box Jump Profundo (Variação 1),,0,
c739332e-1b70-44e3-ae67-7d79e3c3cca5,Box Jump Profundo (Variação 2),,0,
26ae3d6d-d157-492c-8241-1865315956d6,Box Jump Profundo (Variação 3),,0,
e00766dc-28f8-44b2-9146-455c2b4e83b1,Cable Crunch (Abdominal na Polia),,0,
8e53008b-4f2e-4f0a-8a69-c77e74f97810,Crunch Abdominal,,0,
75122c0c-d260-420e-ba96-268f7afe14d4,Crunch Oblíquo,,0,
f39c62e1-f972-4b99-89bf-3d7bbfe46258,Crunch Reverso,,0,
35884a27-2c78-40cd-997c-d3fa5a0d6ec6,Dead Bug,,0,
2c5ec7b4-9e84-480c-9294-08c333454f22,Dead Bug com Carga,,0,
c4b8d6a8-a759-4f77-a2df-9fec2a365f2d,Dead Bug com Carga (Variação 1),,0,
572361d2-e10f-4368-b5de-fa05219f9f57,Dead Bug com Carga (Variação 2),,0,
896106ef-f849-4bd4-adb0-d32c21f35550,Dead Bug com Carga (Variação 3),,0,
0caac0ef-81f3-4f26-bdde-bfd437843e26,Elíptico – Contínuo Moderado,,0,
bbf38512-db12-4cc2-9bec-758f3454c9ad,Elíptico – Intervalado,,0,
0b933f10-fc68-4657-b85f-da68de8f5da9,Escada – Intervalado (Tiros),,0,
6c1e9c09-c7fc-41d4-80d2-788608f214bb,Escada – Subida Contínua,,0,
a34aaf86-2d11-4fc8-bc2c-4fb4bb3aff81,Farmer Walk,,0,
046fe249-f220-49f5-a1cf-003868b5f260,Farmer Walk,,0,
eaed5843-9db0-4a38-ae31-6dbfab48fb1a,Farmer Walk (Variação 1),,0,
83126e33-22ef-4252-8bf8-83630d44f03d,Farmer Walk (Variação 2),,0,
59f8ce99-ab78-4296-8a81-e003ddc71545,Farmer Walk (Variação 3),,0,
8ed9e757-ff65-48dc-abd8-c83bc1752a1e,Glute Kickback Machine (Abdução no Topo),,0,
fb61b124-9221-47a7-b698-3e1f9e039056,Glute Kickback Machine (Coice),,0,
4f4777e7-077c-4e90-abec-a1bc0a2eba30,Hack Machine (Hack Squat),,0,
1e24ffdd-4546-4130-9a0e-e2a40e7c5404,Hack Machine (Pés Altos),,0,
1b7c02a6-1a66-428b-bdde-70b5448ff78e,Hip Thrust (1 e 1/2 repetição) (Barra),,0,
227ff006-a324-4a82-8659-45a512b6c6ec,Hip Thrust (1 e 1/2 repetição) (Máquina),,0,
4f64df6c-06c8-4f73-bbff-5c4a021ae53c,Hip Thrust (1 e 1/2 repetição) (Smith),,0,
bed5176b-7805-4313-9663-406dbc83160b,Hip Thrust (Amplitude Parcial) (Barra),,0,
20dfd8a6-9005-47b0-b052-558582a3f529,Hip Thrust (Amplitude Parcial) (Máquina),,0,
9a77f22a-3cd7-453a-be1f-618e5ce64c2b,Hip Thrust (Amplitude Parcial) (Smith),,0,
c057a09d-8000-482e-80f9-3c73293673e2,Hip Thrust (Drop-Set) (Barra),,0,
1b0e4c35-ab96-46ba-b60f-db781f2f27da,Hip Thrust (Drop-Set) (Máquina),,0,
2c396bf6-8fa2-4029-9bb3-1571ac28f94a,Hip Thrust (Drop-Set) (Smith),,0,
2ab1c8d5-fd0d-41e1-8ff9-908bbd942a40,Hip Thrust (Isometria no Alongamento) (Barra),,0,
ecaa94c4-a85e-4494-ae5e-60df8a403106,Hip Thrust (Isometria no Alongamento) (Máquina),,0,
58822bb3-3cc7-42c6-a0d3-8b85d452989a,Hip Thrust (Isometria no Alongamento) (Smith),,0,
cc9e81f8-22e3-4f23-b44a-5c26f87686c3,Hip Thrust (Isometria no Pico) (Barra),,0,
2b781cd9-fb04-4352-9caf-11f936e219c4,Hip Thrust (Isometria no Pico) (Máquina),,0,
0becfa83-fac2-427d-a1c9-8e15a2e9c04b,Hip Thrust (Isometria no Pico) (Smith),,0,
190f4656-b77e-4a78-91d3-60cb22295c56,Hip Thrust (Pausas 3x no percurso) (Barra),,0,
4792d4bd-6573-4e1a-9912-d4b9c1ac59ae,Hip Thrust (Pausas 3x no percurso) (Máquina),,0,
a20250af-9113-4b11-9923-4e85893e5281,Hip Thrust (Pausas 3x no percurso) (Smith),,0,
08759263-83be-4eaa-92de-52508e68f1b0,Hip Thrust (Rest-Pause) (Barra),,0,
b3d000d6-39a4-40bf-93e0-d2334ee4ece7,Hip Thrust (Rest-Pause) (Máquina),,0,
3a962e1b-c46b-420c-bf8c-081c622dda2e,Hip Thrust (Rest-Pause) (Smith),,0,
1b8dad07-2850-4b38-9c44-2ab63a19d66c,Hip Thrust (Tempo 3-1-1) (Barra),,0,
9343185e-12b6-4490-923e-f1e1d7502830,Hip Thrust (Tempo 3-1-1) (Máquina),,0,
25b8905d-c388-49c7-866c-7032080ffee1,Hip Thrust (Tempo 3-1-1) (Smith),,0,
cb9264fd-1301-4e47-ac0a-eeb45cf3c4da,Hip Thrust (Tempo 4-0-1) (Barra),,0,
d8d79ef7-e548-4489-9d70-07d96453ff04,Hip Thrust (Tempo 4-0-1) (Máquina),,0,
74fab2f7-885d-4e07-aad6-83836f105535,Hip Thrust (Tempo 4-0-1) (Smith),,0,
421fe2c5-2f38-44eb-b615-4e768eb77478,Hip Thrust (Unilateral) (Barra),,0,
8723bd51-ddae-4f9b-98e0-a7f338820afa,Hip Thrust (Unilateral) (Máquina),,0,
583b1e6b-1ff9-4baa-896b-31d5c2712e17,Hip Thrust (Unilateral) (Smith),,0,
3d410707-8f20-4506-9679-09b4ea9e0e5e,Hip Thrust com Barra,,0,
e2a4c9bc-4148-463b-b5eb-b8da4da266cf,Hip Thrust Machine,,0,
bc8f88c6-4f21-4b83-b785-5f469947d1d2,Hip Thrust Machine (Unilateral),,0,
0231b5f4-b731-45b8-b3ea-651da99feb79,Hollow Body Hold,,0,
1900f52d-1fbd-407d-86a0-e62033c7c3a0,L-Sit,,0,
65a4330c-e6e6-414a-a558-368216d5957d,Mountain Climber,,0,
507e4eb6-ee52-4621-bbed-3c980337d608,Pallof Press,,0,
115b7281-5fb9-4440-ab25-dcb75093c123,Pallof Press,,0,
18f2dc6a-c533-4773-a316-b9bf5a477d31,Pallof Press (Variação 1),,0,
b48a9ea8-6341-4998-912a-140cf51f5087,Pallof Press (Variação 2),,0,
11294585-73b7-40c5-836e-438a63efc250,Pallof Press (Variação 3),,0,
5d9ea502-d403-49fb-ae3e-4b8a5f389d1e,Pallof Press com Rotação,,0,
4ca00fb3-6e90-4246-ba57-2b93f83fadeb,Peck Deck (Crucifixo na Máquina),,0,
ed5be3c0-cf35-4b7f-8237-cc4b05549954,Pendulum Squat (Agachamento Pendular),,0,
36c099b9-bc22-41f1-a9b2-21e40953d23a,Pendulum Squat (Ênfase Glúteos),,0,
1443910c-f657-4a68-a31c-4c605bfde2fe,Prancha Abdominal,,0,
4461d79f-28ef-43b7-9e83-e45d0c804884,Prancha com Alcance,,0,
94cd6136-c70d-48b5-b0a9-195a10b4e95a,Prancha com Toque de Ombro,,0,
7b64aa3b-6535-40c3-b0bb-b7b3dceb372e,Prancha Dinâmica (Up-Down),,0,
aa2f8003-89f9-4077-8567-ff30b4c8c486,Prancha Isométrica,,0,
5c9e2245-2906-480d-b7f5-9802b38a9f7e,Prancha Lateral,,0,
2eb6e4db-c9a3-4704-860e-3f6c154a3714,Prancha Lateral,,0,
f2901872-f590-4bed-96d7-7420d324738c,Remo – Intervalado 500m,,0,
28c4590e-c1f9-4a7c-83f6-ba4e01c06614,Remo – Técnica (Cadência Controlada),,0,
cef3166b-6d7a-45ff-a5b1-4be79080597b,Reverse Hyper (Extensão de Quadril),,0,
124ebd57-c2f4-495e-8e12-81bf0e47f62c,Reverse Hyper (Reabilitação/Leve),,0,
c4f5f402-35e7-46a7-87a3-0ff2e0b33cbc,Russian Twist,,0,
76dbe7b6-83fa-4c16-a30c-4039b152d957,Russian Twist com Anilha,,0,
1e86716d-f063-4894-a1f2-ab194afdf634,Sandbag Carry,,0,
9150ef61-a0f0-47dd-9e2e-348b3d4c53c5,Sandbag Carry (Variação 1),,0,
ad2853a1-a11d-495f-944c-b20c575ff71f,Sandbag Carry (Variação 2),,0,
a502be39-a01e-42e9-9be5-38d0e3f881f2,Sandbag Carry (Variação 3),,0,
95f3ce05-dc1d-44d9-aece-f7ec8dcd140b,Seated Calf Raise (Panturrilha Sentado),,0,
1a84f323-4ad6-40ce-85d5-480549b879cf,Sit Up Completo,,0,
e1975246-a1d1-4be3-8dd5-cb4506ca2898,Sled Push,,0,
ba910c43-1f3a-4c30-b0ad-6292a5ae0648,Sled Push (Variação 1),,0,
0793ae3f-fa2c-49ed-9b90-115bad7ed994,Sled Push (Variação 2),,0,
4a8e3515-85f0-419a-acf2-759523423b93,Sled Push (Variação 3),,0,
2a914b7c-e4c4-44be-a87b-58aa795ed65d,Sprint Resistido Elástico,,0,
4703e729-07db-4a7f-acca-f88787315fdb,Sprint Resistido Elástico (Variação 1),,0,
aba037b6-8b4f-47f0-8987-c9f05f6a801a,Sprint Resistido Elástico (Variação 2),,0,
bf3e7c53-c209-423f-be1f-5193a2fd1fa3,Sprint Resistido Elástico (Variação 3),,0,
fe28c76e-2127-406c-956e-b11babb4099b,Standing Calf Machine (Panturrilha em Pé),,0,
507f4160-7e5e-48a9-bef5-35c40e7f8f51,Standing Calf Machine (Pés Para Dentro),,0,
4c7cabb0-b304-4d98-a2be-dea9ab34f92f,Stir the Pot,,0,
6c1b1229-fd59-4da4-82cd-1ca836f461f4,Suitcase Carry,,0,
cd41e4c2-a895-4e38-a146-6b3ed395177a,TRX Remada Baixa,,0,
947670a8-8a89-444b-b0a0-66a27a990d8c,TRX Remada Baixa (Variação 1),,0,
3a244a7e-82a7-4cf6-a3b9-00aed36a37d4,TRX Remada Baixa (Variação 2),,0,
b12e0e71-ebf8-43f6-89bf-1fce4662d68c,TRX Remada Baixa (Variação 3),,0,
3ceff4ec-80ec-438b-aac1-8f506d8b701e,Windshield Wiper,,0,
05006210-1ce6-43cc-a240-81c969a57238,Y Raise Inclinado,,0,
3a7d0f75-489b-45df-b7e1-36ec91384e5a,Y Raise Inclinado (Variação 1),,0,
41f5ae38-8016-4090-8c5e-ca18ea5ffbf8,Y Raise Inclinado (Variação 2),,0,
e8bfefb1-398c-48d7-b63c-e90b19316d22,Y Raise Inclinado (Variação 3),,0,
b4125482-a5ae-4a28-b902-4f1de618a8ee,Joelhos ao Peito na Barra Fixa,Joelhos altos contra a parede.gif,0.25,
d9fc7ea5-565d-427e-b7c7-7ea037f6ce9a,Bicicleta Abdominal,Bicicleta Ergométrica Reclinada.gif,0.33,
7b1652cc-f44d-403b-86c9-b4603520bbef,Glúteo na Polia (Kickback),Glúteo Coice com Gymstick.gif,0.33,
305580e8-e57a-431e-9eff-d02df68b5922,Kettlebell Swing,Kettlebell em Forma de Oito.gif,0.33,
0f754c2a-4bc0-4806-a0f9-384fc34c52da,Kettlebell Swing (Variação 1),Kettlebell em Forma de Oito.gif,0.33,
ea2df984-a967-424f-8057-c271b5d3d18e,Kettlebell Swing (Variação 2),Kettlebell em Forma de Oito.gif,0.33,
88b25e87-b5b6-4f80-9c29-a70fd59bddbe,Kettlebell Swing (Variação 3),Kettlebell em Forma de Oito.gif,0.33,
23e2f575-0f3e-4294-b7b5-33b45ae35468,Panturrilha Sentado (1 e 1/2 repetição) (Máquina),Panturrilha em Pé no Smith.gif,0.33,
007da1b3-d78f-4dad-8a93-0641257b12c1,Panturrilha Sentado (Amplitude Parcial) (Máquina),Panturrilha em Pé no Smith.gif,0.33,
b5776b97-dba2-476b-8353-fa4613a3ea42,Panturrilha Sentado (Drop-Set) (Máquina),Panturrilha em Pé no Smith.gif,0.33,
a0ce757d-549b-4f89-a660-038f123dc17c,Panturrilha Sentado (Isometria no Alongamento) (Máquina),Panturrilha em Pé no Smith.gif,0.33,
5db08568-3723-437b-af52-7ed60b1bb0cf,Panturrilha Sentado (Isometria no Pico) (Máquina),Panturrilha em Pé no Smith.gif,0.33,
1fe767da-6f3a-4c00-bc55-3399e651947a,Panturrilha Sentado (Pausas 3x no percurso) (Máquina),Panturrilha em Pé no Smith.gif,0.33,
145f4c3b-692a-49ec-a039-503f0743a9e0,Panturrilha Sentado (Rest-Pause) (Máquina),Panturrilha em Pé no Smith.gif,0.33,
86801af9-bc18-4f85-bd8d-fa54a5024ad1,Panturrilha Sentado (Tempo 3-1-1) (Máquina),Panturrilha em Pé no Smith.gif,0.33,
0842b9bf-1f47-4772-b03b-4a96fb610195,Panturrilha Sentado (Tempo 4-0-1) (Máquina),Panturrilha em Pé no Smith.gif,0.33,
d7d9fcae-0b04-48bd-a6ee-18877dcbaa4a,Panturrilha Sentado (Unilateral) (Máquina),Panturrilha em Pé no Smith.gif,0.33,
1763e65f-99fa-416d-bea9-e7a10577e720,Panturrilha Sentado na Máquina,Panturrilha em Pé no Smith.gif,0.33,
34b0f2d4-8ae9-43c0-b1bc-f18417661abc,Adução de Quadril na Máquina,Adução do Quadril Lateral com Alavanca.gif,0.5,
6e2b9360-c51c-498b-9ade-318a0f2de87d,Adução de Quadril na Polia,Adução do Quadril Lateral com Alavanca.gif,0.5,
3745c3ba-a1cf-44e1-9de8-8eb42aac1b0b,Cadeira Abdutora,Cadeira extensora.gif,0.5,
0b8cc5d5-0496-4e65-844e-2cc60fd1c1a9,Cadeira Abdutora (Inclinado à Frente),Cadeira extensora.gif,0.5,
323e3502-0d80-429a-90a1-f628fceec6d9,Cadeira Adutora,Cadeira extensora.gif,0.5,
cb4f4572-ad8d-45ba-95ce-b57fab861ed6,Crossover na Polia Alta,Crossover na Alavanca.gif,0.5,
0d5ed3e8-4c3f-47a8-8167-fc18e4012091,Crossover na Polia Baixa,Crossover na Alavanca.gif,0.5,
028cb95a-775f-44b6-92d2-019626466bef,Crossover na Polia Média,Crossover na Alavanca.gif,0.5,
8635225c-6d42-4147-848e-0108cdb7b06a,Crucifixo Invertido (1 e 1/2 repetição) (Máquina),Crucifixo com halteres.gif,0.5,
c099bc25-144a-4c7a-baa3-c77a013cca96,Crucifixo Invertido (Amplitude Parcial) (Máquina),Crucifixo com halteres.gif,0.5,
b9c3d6de-03ef-40e5-a85b-b16b73f626ec,Crucifixo Invertido (Drop-Set) (Máquina),Crucifixo com halteres.gif,0.5,
b4c285d1-a6d1-4ade-8b34-d6a0a08b6219,Crucifixo Invertido (Isometria no Alongamento) (Máquina),Crucifixo com halteres.gif,0.5,
cf98b54b-8ac6-4fd3-8ec0-5bbe83b4a24a,Crucifixo Invertido (Isometria no Pico) (Máquina),Crucifixo com halteres.gif,0.5,
b884d942-052c-4093-b381-3b857653bb63,Crucifixo Invertido (Pausas 3x no percurso) (Máquina),Crucifixo com halteres.gif,0.5,
fc78a75c-4854-4a40-a917-32dc7dc5416e,Crucifixo Invertido (Peck Deck Reverso),Crucifixo com halteres.gif,0.5,
f6730eb2-d9ca-4012-8803-fa7c1746de0b,Crucifixo Invertido (Rest-Pause) (Máquina),Crucifixo com halteres.gif,0.5,
28a10ea7-5aad-49d8-b948-191017d1c3cb,Crucifixo Invertido (Tempo 3-1-1) (Máquina),Crucifixo com halteres.gif,0.5,
68635b9b-7915-414e-a43d-831800644320,Crucifixo Invertido (Tempo 4-0-1) (Máquina),Crucifixo com halteres.gif,0.5,
46bd551a-fdc0-4f2f-996c-e08b3b7ddc92,Crucifixo Invertido (Unilateral) (Máquina),Crucifixo com halteres.gif,0.5,
d77aad15-d456-45d6-b919-9e3d1e1a291d,Encolhimento com Barra,Encolhimento com Cabo.gif,0.5,
1b0125ae-4856-41fc-ad2a-cfcfa3cafbf4,Encolhimento no Smith,Encolhimento com Cabo.gif,0.5,
39e9aabb-90a1-4b57-8211-625ef65f68c5,Esteira – Caminhada Inclinada,Esteira com Inclinação.gif,0.5,
4937abc0-76d2-4b8e-ab2f-53e5ba818ccc,Esteira – Corrida Intervalada (HIIT),Esteira com Inclinação.gif,0.5,
ff182c51-2bd1-4f5c-96e3-cb426400833d,Ponte Glútea Terapêutica,Ponte com Halteres.gif,0.5,
d1588452-3c07-446d-b5c8-566c8ffe48d0,Ponte Glútea Terapêutica (Variação 1),Ponte com Halteres.gif,0.5,
3d18ca8b-8d8a-4338-bd71-cdc619508071,Ponte Glútea Terapêutica (Variação 2),Ponte com Halteres.gif,0.5,
d33ea1e6-309d-46fa-84ab-418748482c3a,Ponte Glútea Terapêutica (Variação 3),Ponte com Halteres.gif,0.5,
26e12a5f-dd23-48ba-a63c-186b6d49581f,Pulldown (1 e 1/2 repetição) (Máquina),Pulldown com corda.gif,0.5,
ba627e32-dcf9-4d47-be2a-5c8c22456607,Pulldown (Amplitude Parcial) (Máquina),Pulldown com corda.gif,0.5,
dc562d8e-20a6-4714-aad1-3ed7c2a59ac5,Pulldown (Drop-Set) (Máquina),Pulldown com corda.gif,0.5,
7a07764f-8d39-447b-ad4e-929857362ec9,Pulldown (Isometria no Alongamento) (Máquina),Pulldown com corda.gif,0.5,
9293c8a5-a905-4516-a421-ac44e6a44603,Pulldown (Isometria no Pico) (Máquina),Pulldown com corda.gif,0.5,
0b34bd78-c993-4f42-a31c-6be5d5278462,Pulldown (Pausas 3x no percurso) (Máquina),Pulldown com corda.gif,0.5,
d2591335-7022-4727-8ee2-ffbcfaa97189,Pulldown (Rest-Pause) (Máquina),Pulldown com corda.gif,0.5,
df111c01-a0a4-46bd-b19c-21a67573e5eb,Pulldown (Tempo 3-1-1) (Máquina),Pulldown com corda.gif,0.5,
ea1fa6b5-6338-44ac-8171-81f78757eed5,Pulldown (Tempo 4-0-1) (Máquina),Pulldown com corda.gif,0.5,
5ef60305-e6c3-4d09-b481-0ea1ddb7e88e,Pulldown (Unilateral) (Máquina),Pulldown com corda.gif,0.5,
500946ca-8fb5-435b-bcbb-ff684d7a218d,Pulldown na Polia (Pegada Aberta),Pulldown com corda.gif,0.5,
74a4238a-9588-45b5-adff-1c382299b00f,Pulldown na Polia (Pegada Fechada),Pulldown com corda.gif,0.5,
b23197b6-c319-4324-86d2-4bbc87fe2d3f,Pullover com Halter,Pullover com Barra.gif,0.5,
ab3bd953-3a31-463e-bdf6-ee349ee5bcc6,Pullover na Polia,Pullover com Barra.gif,0.5,
a8497e66-c189-43f9-8300-e32dbff97803,Remada Baixa na Polia,Remada Alta (1).gif,0.5,
db827f10-6ab1-4631-bd2f-d88d772fe332,Step Down Controle Joelho,Step com elástico.gif,0.5,
aa24da52-d6bc-4a7e-bdcd-80e30af761a9,Step Down Controle Joelho (Variação 1),Step com elástico.gif,0.5,
36a1ca32-acdf-4cc2-9ee3-9aa043aba972,Step Down Controle Joelho (Variação 2),Step com elástico.gif,0.5,
3bd4b695-2cfe-4407-af61-947a8d0b34e7,Step Down Controle Joelho (Variação 3),Step com elástico.gif,0.5,
8a66d95d-6b1c-4e94-ab75-dd2411161f3b,Abdução de Quadril na Máquina,Abdução de Quadril com Faixa.gif,0.67,
38b8db5c-108a-4e4c-b03b-34fb10f11674,Crossover (1 e 1/2 repetição) (Cabo/Polia),Crossover Unilateral com Cabo.gif,0.67,
66158266-6098-4af6-86c8-cad69ce4d9ea,Crossover (Amplitude Parcial) (Cabo/Polia),Crossover Unilateral com Cabo.gif,0.67,
8a298a46-dfd0-47bd-b984-14511a786e6e,Crossover (Drop-Set) (Cabo/Polia),Crossover Unilateral com Cabo.gif,0.67,
6a273722-5c82-4ad3-b4d5-a2d4bdb0e29d,Crossover (Isometria no Alongamento) (Cabo/Polia),Crossover Unilateral com Cabo.gif,0.67,
67fbca1f-579b-405e-a6c8-ae423f556772,Crossover (Isometria no Pico) (Cabo/Polia),Crossover Unilateral com Cabo.gif,0.67,
d8437ca4-2d45-4688-aef6-37816928fd6f,Crossover (Pausas 3x no percurso) (Cabo/Polia),Crossover Unilateral com Cabo.gif,0.67,
9c211741-cd5e-461c-a11f-efe7d55df25c,Crossover (Rest-Pause) (Cabo/Polia),Crossover Unilateral com Cabo.gif,0.67,
308b27fa-a242-4801-8ce6-1017dece894b,Crossover (Tempo 3-1-1) (Cabo/Polia),Crossover Unilateral com Cabo.gif,0.67,
7d7bdf97-a9b4-4da9-bda9-8be12b84cb55,Crossover (Tempo 4-0-1) (Cabo/Polia),Crossover Unilateral com Cabo.gif,0.67,
ae93cbc2-9952-47c2-a676-20c1ee1c9504,Crossover (Unilateral) (Cabo/Polia),Crossover Unilateral com Cabo.gif,0.67,
f0fdff4c-53b6-4467-9cf2-0cf9761488ed,Crucifixo Invertido (1 e 1/2 repetição) (Cabo/Polia),Crucifixo com Cabo Declinado.gif,0.67,
58810365-acd7-4942-a0a3-f70dcb2846bc,Crucifixo Invertido (Amplitude Parcial) (Cabo/Polia),Crucifixo com Cabo Declinado.gif,0.67,
52ca88d6-4bbc-4c9e-aa66-d932aca6952e,Crucifixo Invertido (Drop-Set) (Cabo/Polia),Crucifixo com Cabo Declinado.gif,0.67,
2225e3e5-7ae5-4b58-a22f-96970085568a,Crucifixo Invertido (Isometria no Alongamento) (Cabo/Polia),Crucifixo com Cabo Declinado.gif,0.67,
966044c7-34c8-4b3d-b4a7-7937558c7eee,Crucifixo Invertido (Isometria no Pico) (Cabo/Polia),Crucifixo com Cabo Declinado.gif,0.67,
dfcd2810-4334-4bd1-8ccc-75835c56abd9,Crucifixo Invertido (Pausas 3x no percurso) (Cabo/Polia),Crucifixo com Cabo Declinado.gif,0.67,
280c0b87-dd04-4735-b04f-a3ec441d23f8,Crucifixo Invertido (Rest-Pause) (Cabo/Polia),Crucifixo com Cabo Declinado.gif,0.67,
b406e560-e543-4354-9674-4fb356fb38d9,Crucifixo Invertido (Tempo 3-1-1) (Cabo/Polia),Crucifixo com Cabo Declinado.gif,0.67,
b9237dfd-05dc-4c81-8037-af765024bea7,Crucifixo Invertido (Tempo 4-0-1) (Cabo/Polia),Crucifixo com Cabo Declinado.gif,0.67,
91cf03aa-fbe1-4869-a567-e101ead021bc,Crucifixo Invertido (Unilateral) (Cabo/Polia),Crucifixo com Cabo Declinado.gif,0.67,
6dffb514-644d-42f6-b9bb-a8fe568cafa8,Elevação de Pernas na Barra Fixa,Elevação com Barra em Degrau.gif,0.67,
e2f82a4d-e7b5-4664-9f77-bf04ec445ef5,Extensão Lombar Isométrica,Extensão Lombar com Peso.gif,0.67,
5ae86784-b313-47d6-9c13-68da318224c8,Extensão Lombar Isométrica (Variação 1),Extensão Lombar com Peso.gif,0.67,
73f2089b-12a9-4cb9-a75c-0e5ed41ad494,Extensão Lombar Isométrica (Variação 2),Extensão Lombar com Peso.gif,0.67,
ec9adfc7-80e1-4923-b0ce-6ae679f7174f,Extensão Lombar Isométrica (Variação 3),Extensão Lombar com Peso.gif,0.67,
4c9ca218-69e7-4d35-bd97-2da64da488cb,Extensão Lombar na Máquina,Extensão Lombar com Peso.gif,0.67,
48f998ad-92df-4ab3-8773-6417eb3f65fa,Extensão Lombar no Banco Romano,Extensão de Quadril no Banco.gif,0.67,
eef98fa6-382c-4f44-9d15-4f272da47a52,Panturrilha em Pé (1 e 1/2 repetição) (Máquina),Panturrilha em Pé no Smith.gif,0.67,
7fc74f36-386a-4a2f-bb61-502310e55c02,Panturrilha em Pé (Amplitude Parcial) (Máquina),Panturrilha em Pé no Smith.gif,0.67,
47270408-f3fb-47a8-a3de-e4660ca6c0a8,Panturrilha em Pé (Drop-Set) (Máquina),Panturrilha em Pé no Smith.gif,0.67,
4c1a7a03-d318-48ae-ba49-7e2c347cf597,Panturrilha em Pé (Isometria no Alongamento) (Máquina),Panturrilha em Pé no Smith.gif,0.67,
969916f7-b837-4fd8-93aa-9466d73938cf,Panturrilha em Pé (Isometria no Pico) (Máquina),Panturrilha em Pé no Smith.gif,0.67,
6b7c18fa-5c62-4fb1-bc51-e8273a554b7f,Panturrilha em Pé (Pausas 3x no percurso) (Máquina),Panturrilha em Pé no Smith.gif,0.67,
ddd81033-be62-4272-a472-9490c54acbb7,Panturrilha em Pé (Rest-Pause) (Máquina),Panturrilha em Pé no Smith.gif,0.67,
18b00394-1283-4f37-b2f1-f03ce840fb4a,Panturrilha em Pé (Tempo 3-1-1) (Máquina),Panturrilha em Pé no Smith.gif,0.67,
9ab6c30a-7a80-43b5-8b20-a3655c0f9f82,Panturrilha em Pé (Tempo 4-0-1) (Máquina),Panturrilha em Pé no Smith.gif,0.67,
fc0c1d70-7e30-44dc-8c05-3625d6f3ec0b,Panturrilha em Pé (Unilateral) (Máquina),Panturrilha em Pé no Smith.gif,0.67,
08994ce4-f263-4974-aa5f-0dbd3165bb8f,Panturrilha em Pé na Máquina,Panturrilha em Pé no Smith.gif,0.67,
29977fb5-51b1-4526-bbfa-cd54804c23a4,Pulldown (1 e 1/2 repetição) (Cabo/Polia),Pulldown Unilateral no Cabo.gif,0.67,
3498809e-aa71-4405-b9f0-dc55a365cdba,Pulldown (Amplitude Parcial) (Cabo/Polia),Pulldown Unilateral no Cabo.gif,0.67,
0af88c2c-19c4-4ad4-9543-b0be303513f5,Pulldown (Drop-Set) (Cabo/Polia),Pulldown Unilateral no Cabo.gif,0.67,
38f1283f-c6d5-4a37-8252-6e23eabb8ff0,Pulldown (Isometria no Alongamento) (Cabo/Polia),Pulldown Unilateral no Cabo.gif,0.67,
12abcfd5-a815-4399-98fc-1f859495d1d5,Pulldown (Isometria no Pico) (Cabo/Polia),Pulldown Unilateral no Cabo.gif,0.67,
26175f19-c898-4129-8c0a-c31866aedb64,Pulldown (Pausas 3x no percurso) (Cabo/Polia),Pulldown Unilateral no Cabo.gif,0.67,
986f3b82-4c66-433f-9876-46b07dd8b3c6,Pulldown (Rest-Pause) (Cabo/Polia),Pulldown Unilateral no Cabo.gif,0.67,
070a3b04-9428-4def-8e5c-12119f66aaf8,Pulldown (Tempo 3-1-1) (Cabo/Polia),Pulldown Unilateral no Cabo.gif,0.67,
5e9e76ec-a3cc-4259-896b-8b8839bc7e7c,Pulldown (Tempo 4-0-1) (Cabo/Polia),Pulldown Unilateral no Cabo.gif,0.67,
de4a4971-cc7f-4040-9c28-a807903a5894,Pulldown (Unilateral) (Cabo/Polia),Pulldown Unilateral no Cabo.gif,0.67,
0a62569d-0fbf-4450-9b8c-ef0d3febe5c4,Remada (1 e 1/2 repetição) (Halteres),Remada curvada com halteres.gif,0.67,
e9799723-8046-43d4-b322-6be3567e5f23,Remada (1 e 1/2 repetição) (Máquina),Remada Sentada na Máquina.gif,0.67,
bb3f9ddc-28c6-49d7-a8e3-2a95239d3d06,Remada (Amplitude Parcial) (Halteres),Remada curvada com halteres.gif,0.67,
28a8343d-dacc-4727-9200-60cf86673d00,Remada (Amplitude Parcial) (Máquina),Remada Sentada na Máquina.gif,0.67,
20db9d6b-9b60-4b97-8171-ebfc4c881d6b,Remada (Drop-Set) (Halteres),Remada curvada com halteres.gif,0.67,
c5f81ecc-b007-4b1e-992d-6a36111ac5fe,Remada (Drop-Set) (Máquina),Remada Sentada na Máquina.gif,0.67,
f5dc3c9c-d69e-4df6-8d8e-6e855bf2444e,Remada (Isometria no Alongamento) (Halteres),Remada curvada com halteres.gif,0.67,
4ee2f0f9-530d-44b7-8b03-b52afc09f70f,Remada (Isometria no Alongamento) (Máquina),Remada Sentada na Máquina.gif,0.67,
20939c5e-4072-4545-94e8-b172164b0b3a,Remada (Isometria no Pico) (Halteres),Remada curvada com halteres.gif,0.67,
2a198330-7f2c-476d-bcc1-63eb77ea7659,Remada (Isometria no Pico) (Máquina),Remada Sentada na Máquina.gif,0.67,
53d7175c-f3d1-4985-bbce-d97c5a3d0d82,Remada (Pausas 3x no percurso) (Halteres),Remada curvada com halteres.gif,0.67,
c7ae63f9-f129-4217-8161-915b6a9e1b0c,Remada (Pausas 3x no percurso) (Máquina),Remada Sentada na Máquina.gif,0.67,
5d91d2f3-1753-41e8-a5a6-f8993f44ff1e,Remada (Rest-Pause) (Halteres),Remada curvada com halteres.gif,0.67,
d00a4420-694e-49b6-99ef-31b96ce1103a,Remada (Rest-Pause) (Máquina),Remada Sentada na Máquina.gif,0.67,
58ad4c6b-05ab-433a-ac19-f8e2a0497e55,Remada (Tempo 3-1-1) (Halteres),Remada curvada com halteres.gif,0.67,
b0939765-0699-4a8a-8868-a4b329763be1,Remada (Tempo 3-1-1) (Máquina),Remada Sentada na Máquina.gif,0.67,
4f789af5-c8c9-499e-ab66-aec09d465faa,Remada (Tempo 4-0-1) (Halteres),Remada curvada com halteres.gif,0.67,
29ec7a3a-844c-42c7-ad6b-535ad19b4f6d,Remada (Tempo 4-0-1) (Máquina),Remada Sentada na Máquina.gif,0.67,
25adb0b4-9928-4054-9ed7-812c2b7b5b34,Remada (Unilateral) (Halteres),Remada curvada com halteres.gif,0.67,
d8f899ab-b5e9-4ec0-a59d-5730151a176f,Remada (Unilateral) (Máquina),Remada Sentada na Máquina.gif,0.67,
9291fb78-2e77-4b08-943e-e5735bf0c5ad,Remada Baixa (1 e 1/2 repetição) (Cabo/Polia),Remada Alta com Cabo.gif,0.67,
893f5c46-487a-4399-bb6a-909da2bf245f,Remada Baixa (1 e 1/2 repetição) (Máquina),Remada Sentada na Máquina.gif,0.67,
17fbf43f-6c08-4cbe-b621-696401cf783e,Remada Baixa (Amplitude Parcial) (Cabo/Polia),Remada Alta com Cabo.gif,0.67,
e8d3a63d-0aa3-48d6-92b1-a9735cae598d,Remada Baixa (Amplitude Parcial) (Máquina),Remada Sentada na Máquina.gif,0.67,
257464ee-cf8a-4c14-a1d6-558bcae50909,Remada Baixa (Drop-Set) (Cabo/Polia),Remada Alta com Cabo.gif,0.67,
64acc5c7-1ff1-481d-976b-f7162682c60c,Remada Baixa (Drop-Set) (Máquina),Remada Sentada na Máquina.gif,0.67,
598e005d-0159-45de-86b5-521e6e01936b,Remada Baixa (Isometria no Alongamento) (Cabo/Polia),Remada Alta com Cabo.gif,0.67,
e4afe368-553c-4302-9301-f4e1830f7c5a,Remada Baixa (Isometria no Alongamento) (Máquina),Remada Sentada na Máquina.gif,0.67,
c4277188-3259-464b-914b-1594658bd3a2,Remada Baixa (Isometria no Pico) (Cabo/Polia),Remada Alta com Cabo.gif,0.67,
6bf7eac6-914f-4046-ab0c-b533984be7f0,Remada Baixa (Isometria no Pico) (Máquina),Remada Sentada na Máquina.gif,0.67,
ac8bc846-02f0-4c83-8037-a5c7b5e3b51f,Remada Baixa (Pausas 3x no percurso) (Cabo/Polia),Remada Alta com Cabo.gif,0.67,
0e1176bd-6a69-4eb7-a33e-b7824a788ecd,Remada Baixa (Pausas 3x no percurso) (Máquina),Remada Sentada na Máquina.gif,0.67,
db38d3c2-2eba-41fd-aed5-af163207edf2,Remada Baixa (Rest-Pause) (Cabo/Polia),Remada Alta com Cabo.gif,0.67,
aea352c2-06b8-4de0-9160-f9857965f4a9,Remada Baixa (Rest-Pause) (Máquina),Remada Sentada na Máquina.gif,0.67,
5746da5c-2b39-4380-9b47-4590edf8a83b,Remada Baixa (Tempo 3-1-1) (Cabo/Polia),Remada Alta com Cabo.gif,0.67,
019dcc0b-ae8c-4246-a66b-83cc2d3534d4,Remada Baixa (Tempo 3-1-1) (Máquina),Remada Sentada na Máquina.gif,0.67,
d877304f-209d-4e73-b685-f12430bd713b,Remada Baixa (Tempo 4-0-1) (Cabo/Polia),Remada Alta com Cabo.gif,0.67,
9379018c-cef6-4dbd-a98d-65f273ef2e04,Remada Baixa (Tempo 4-0-1) (Máquina),Remada Sentada na Máquina.gif,0.67,
833568b5-2cd4-4eac-97d8-ba380ea8fb27,Remada Baixa (Unilateral) (Cabo/Polia),Remada Alta com Cabo.gif,0.67,
72777c5e-97b8-41c4-b2da-fc0ca2b98751,Remada Baixa (Unilateral) (Máquina),Remada Sentada na Máquina.gif,0.67,
1e4988a8-523f-4f22-9dbc-bb1b3000aca7,Remada Cavalinho (T-Bar),Remada Curvada em T.gif,0.67,
93682dc2-76a3-4021-931f-157b9b57f536,Remada Unilateral com Halter,Remada Alta com Halter.gif,0.67,
9ba59ae3-9495-4ae3-b65e-30ef9ccdfa5b,Rosca Scott na Máquina,Rosca Scott com Alavanca.gif,0.67,
5088c90f-d512-41dc-b523-4a463fb1f1b4,Stiff (1 e 1/2 repetição) (Halteres),Stiff Unilateral com Halteres.gif,0.67,
2fdd350e-9856-4963-9b26-8f267b11ddc8,Stiff (Amplitude Parcial) (Halteres),Stiff Unilateral com Halteres.gif,0.67,
0f383b2b-c896-4d8f-af4c-6c9a6d920382,Stiff (Drop-Set) (Halteres),Stiff Unilateral com Halteres.gif,0.67,
8bc54c03-198b-4bcb-a0a3-3ca1675776f1,Stiff (Isometria no Alongamento) (Halteres),Stiff Unilateral com Halteres.gif,0.67,
88600eb5-f615-4e8b-b57d-91d27e1daf23,Stiff (Isometria no Pico) (Halteres),Stiff Unilateral com Halteres.gif,0.67,
ffa2fb76-80fe-44b1-85e5-5b35b0677bfb,Stiff (Pausas 3x no percurso) (Halteres),Stiff Unilateral com Halteres.gif,0.67,
b6e8560c-c538-4fd7-b222-ee596ba088a1,Stiff (Rest-Pause) (Halteres),Stiff Unilateral com Halteres.gif,0.67,
e6ae778d-15d8-4b7b-8ebd-f0515b6cb4fb,Stiff (Tempo 3-1-1) (Halteres),Stiff Unilateral com Halteres.gif,0.67,
4bb4ae7c-81ac-4492-aca3-609d1c37b0ce,Stiff (Tempo 4-0-1) (Halteres),Stiff Unilateral com Halteres.gif,0.67,
e278768f-843c-4451-ae46-94a1cbdceca4,Stiff (Unilateral) (Halteres),Stiff Unilateral com Halteres.gif,0.67,
097cc5f0-5a02-4ee1-bf98-36f5b26e80ce,Tríceps na Polia (1 e 1/2 repetição) (Cabo/Polia),Tríceps Coice com Cabo.gif,0.67,
8ffa4a61-4f24-48e2-8b6a-db07443ea091,Tríceps na Polia (Amplitude Parcial) (Cabo/Polia),Tríceps Coice com Cabo.gif,0.67,
ee05b51c-99ac-406a-acee-23945688c196,Tríceps na Polia (Barra Reta),Tríceps pulley barra.gif,0.67,
4bc291b7-72f1-4b29-8774-412f5ffda027,Tríceps na Polia (Drop-Set) (Cabo/Polia),Tríceps Coice com Cabo.gif,0.67,
82f5f566-368d-477b-a316-c27dbbb0db99,Tríceps na Polia (Isometria no Alongamento) (Cabo/Polia),Tríceps Coice com Cabo.gif,0.67,
8ad299ec-b0af-4cc0-b6a0-d320058d7c9f,Tríceps na Polia (Isometria no Pico) (Cabo/Polia),Tríceps Coice com Cabo.gif,0.67,
84ec8bd8-f8c5-4a49-a570-9d1d2e43a25f,Tríceps na Polia (Pausas 3x no percurso) (Cabo/Polia),Tríceps Coice com Cabo.gif,0.67,
0cb86de3-bc3a-4a18-931e-3df3ea5431a0,Tríceps na Polia (Rest-Pause) (Cabo/Polia),Tríceps Coice com Cabo.gif,0.67,
63caad78-0e42-40cf-8474-b88bcee52937,Tríceps na Polia (Tempo 3-1-1) (Cabo/Polia),Tríceps Coice com Cabo.gif,0.67,
7246f78e-952f-4968-9797-d8e5c70c34fd,Tríceps na Polia (Tempo 4-0-1) (Cabo/Polia),Tríceps Coice com Cabo.gif,0.67,
850f4e30-475e-44e5-ba45-c542a31d26bd,Tríceps na Polia (Unilateral) (Cabo/Polia),Tríceps Coice com Cabo.gif,0.67,
f7e996fe-d9b0-414a-afa1-7874a2819b9b,Tríceps Testa (1 e 1/2 repetição) (Halteres),Tríceps Coice com Halteres.gif,0.67,
4d42d810-dc45-4327-9589-ba8866c9bff9,Tríceps Testa (Amplitude Parcial) (Halteres),Tríceps Coice com Halteres.gif,0.67,
661f4f40-e764-48f8-ad0f-b3fb0922bec0,Tríceps Testa (Drop-Set) (Halteres),Tríceps Coice com Halteres.gif,0.67,
19cff919-7990-43ef-94c2-c165abfbd972,Tríceps Testa (Isometria no Alongamento) (Halteres),Tríceps Coice com Halteres.gif,0.67,
94355036-641e-4d35-b2d9-cc4048a03c02,Tríceps Testa (Isometria no Pico) (Halteres),Tríceps Coice com Halteres.gif,0.67,
86db3819-2277-4ac7-a39b-7a2f72a733df,Tríceps Testa (Pausas 3x no percurso) (Halteres),Tríceps Coice com Halteres.gif,0.67,
0adb6b1a-64c3-4943-aa93-2167741ef3a0,Tríceps Testa (Rest-Pause) (Halteres),Tríceps Coice com Halteres.gif,0.67,
43341e85-50a7-47ef-9ecc-566ca8b559ca,Tríceps Testa (Tempo 3-1-1) (Halteres),Tríceps Coice com Halteres.gif,0.67,
794fa1da-2a04-4a58-b98f-cc927bf489ec,Tríceps Testa (Tempo 4-0-1) (Halteres),Tríceps Coice com Halteres.gif,0.67,
1e8f3a6d-d1e8-411f-b7aa-e4b0caaa3d8e,Tríceps Testa (Unilateral) (Halteres),Tríceps Coice com Halteres.gif,0.67,
b87b2256-e403-4640-9069-ca81c3dd37af,Desenvolvimento com Halteres Sentado,Desenvolvimento cubano sentado com halteres.gif,0.75,
bfdfd5cf-6abc-41cc-bef4-6efa85246b40,Elevação de Pernas Deitado,Elevação de Pernas deitado de Lado.gif,0.75,
abca9c3e-f1f7-469e-90bc-3ccf39bde420,Elevação Lateral (1 e 1/2 repetição) (Cabo/Polia),Elevação lateral de braços com cabo.gif,0.75,
5593c4f9-45e2-4952-a570-0387def5b00a,Elevação Lateral (1 e 1/2 repetição) (Halteres),Elevação lateral alternada com halteres.gif,0.75,
1ef017a2-faee-4a1c-9bd3-f1158e3c473b,Elevação Lateral (Amplitude Parcial) (Cabo/Polia),Elevação lateral de braços com cabo.gif,0.75,
85a58c32-b080-48d8-9d0f-9da6909c0ce0,Elevação Lateral (Amplitude Parcial) (Halteres),Elevação lateral alternada com halteres.gif,0.75,
a8ebc994-97fb-42b0-9c89-e08a803b23f7,Elevação Lateral (Drop-Set) (Cabo/Polia),Elevação lateral de braços com cabo.gif,0.75,
fdb2a2c0-cb30-4ac0-b3e5-98cc7798da67,Elevação Lateral (Drop-Set) (Halteres),Elevação lateral alternada com halteres.gif,0.75,
591e35ca-e400-420a-b1a8-77a4580865f9,Elevação Lateral (Isometria no Alongamento) (Cabo/Polia),Elevação lateral de braços com cabo.gif,0.75,
0c60fe0a-ef47-427f-add0-36f71b78b189,Elevação Lateral (Isometria no Alongamento) (Halteres),Elevação lateral alternada com halteres.gif,0.75,
9b8642e9-2956-46b0-afc7-af8eb1f5f38d,Elevação Lateral (Isometria no Pico) (Cabo/Polia),Elevação lateral de braços com cabo.gif,0.75,
5f12efd1-ba92-4837-bd8e-6ec2e63f9508,Elevação Lateral (Isometria no Pico) (Halteres),Elevação lateral alternada com halteres.gif,0.75,
4aa6d886-1688-4fc2-95b1-68d8fbb5c1b8,Elevação Lateral (Pausas 3x no percurso) (Cabo/Polia),Elevação lateral de braços com cabo.gif,0.75,
33152d9e-92ad-4ef9-a89c-2b4c7179992b,Elevação Lateral (Pausas 3x no percurso) (Halteres),Elevação lateral alternada com halteres.gif,0.75,
bcf1f7b2-7e0b-458e-a530-00c580c02731,Elevação Lateral (Rest-Pause) (Cabo/Polia),Elevação lateral de braços com cabo.gif,0.75,
ba3609c4-0925-4a8b-aa94-3917098793bd,Elevação Lateral (Rest-Pause) (Halteres),Elevação lateral alternada com halteres.gif,0.75,
86d2e28f-5a45-4aaf-be4f-ef200784ff4a,Elevação Lateral (Tempo 3-1-1) (Cabo/Polia),Elevação lateral de braços com cabo.gif,0.75,
ead13c08-a17c-468f-877d-b305463d5330,Elevação Lateral (Tempo 3-1-1) (Halteres),Elevação lateral alternada com halteres.gif,0.75,
a04e176d-487a-431f-ba28-6ef5c80398cb,Elevação Lateral (Tempo 4-0-1) (Cabo/Polia),Elevação lateral de braços com cabo.gif,0.75,
437a5549-5965-41a3-8f6a-1a77b17b4b8e,Elevação Lateral (Tempo 4-0-1) (Halteres),Elevação lateral alternada com halteres.gif,0.75,
974fe6b2-ebe3-42d1-84a2-c45176c4c23b,Elevação Lateral (Unilateral) (Cabo/Polia),Elevação lateral de braços com cabo.gif,0.75,
e2806e3b-ac02-46e8-bfff-fca5d7f3ff9e,Elevação Lateral (Unilateral) (Halteres),Elevação lateral alternada com halteres.gif,0.75,
d1bd7c78-ac09-4df4-92e4-880bce91c563,Elevação Lateral com Halteres,Elevação lateral alternada com halteres.gif,0.75,
00f02b94-7185-41b6-85cf-b6f207be28d2,Elevação Lateral no Cabo,Elevação lateral de braços com cabo.gif,0.75,
40b1227e-3626-444e-9670-4cf51f37e835,Supino Declinado no Smith,Supino declinado na máquina Smith.gif,0.75,
a0fc84a2-424e-4868-8c43-2f89148c5e6b,Supino Inclinado (1 e 1/2 repetição) (Smith),Supino com banco inclinado no Smith.gif,0.75,
bcea532f-8b14-414f-a680-fd82f9e1a1bf,Supino Inclinado (Amplitude Parcial) (Smith),Supino com banco inclinado no Smith.gif,0.75,
5ee8ed4d-0397-46b9-abe2-00e776417ab6,Supino Inclinado (Drop-Set) (Smith),Supino com banco inclinado no Smith.gif,0.75,
d0f6f7ea-c5cc-4e3c-b58a-fca4a0a5d7cf,Supino Inclinado (Isometria no Alongamento) (Smith),Supino com banco inclinado no Smith.gif,0.75,
0724aa43-f339-4027-a2cc-816a7c3a3e44,Supino Inclinado (Isometria no Pico) (Smith),Supino com banco inclinado no Smith.gif,0.75,
d10123df-b585-4862-83ba-f23b8e98bcd5,Supino Inclinado (Pausas 3x no percurso) (Smith),Supino com banco inclinado no Smith.gif,0.75,
cb006e65-4264-4d03-9f46-5f0d4adb9856,Supino Inclinado (Rest-Pause) (Smith),Supino com banco inclinado no Smith.gif,0.75,
8e3779f0-f1aa-4b5b-9819-5dbcc4cac4f8,Supino Inclinado (Tempo 3-1-1) (Smith),Supino com banco inclinado no Smith.gif,0.75,
1edb4dd8-d440-4e33-8b2b-207aeeddac7a,Supino Inclinado (Tempo 4-0-1) (Smith),Supino com banco inclinado no Smith.gif,0.75,
dec7e2f9-9b8a-449e-a239-9bfe48c6a295,Supino Inclinado (Unilateral) (Smith),Supino com banco inclinado no Smith.gif,0.75,
410acb40-be02-4561-8270-e20558a1d987,Supino Inclinado no Smith,Supino com banco inclinado no Smith.gif,0.75,
7455c659-1829-4a4a-8859-48445a234dac,Tríceps Francês com Halter (Unilateral),Tríceps Francês com Halter Bilateral.gif,0.75,
e60164ec-d734-4539-9527-71a0db881df6,Tríceps na Polia (Corda),Tríceps francês na polia com corda.gif,0.75,
6684f86a-3555-402a-94da-cd12d61fad63,Agachamento (1 e 1/2 repetição) (Barra),Agachamento Barra.gif,1,
093c82ac-108f-47a5-aa02-f18d903f7ac5,Agachamento (1 e 1/2 repetição) (Halteres),Agachamento.gif,1,
18540b17-0866-4942-9d44-0175b85d2b83,Agachamento (1 e 1/2 repetição) (Smith),Agachamento no Smith.gif,1,
e6e32029-7988-42d0-8e82-aab1b9b4d141,Agachamento (Amplitude Parcial) (Barra),Agachamento Barra.gif,1,
34fbec28-724d-4dd2-a110-a5999ae3af9e,Agachamento (Amplitude Parcial) (Halteres),Agachamento.gif,1,
eed77c5d-07bb-4e51-9a99-d80ed8013063,Agachamento (Amplitude Parcial) (Smith),Agachamento no Smith.gif,1,
8de10c9c-20ff-4d2f-a492-0f033f7bd4c6,Agachamento (Drop-Set) (Barra),Agachamento Barra.gif,1,
cbc4f812-a040-47fc-a24a-2c8dae92c554,Agachamento (Drop-Set) (Halteres),Agachamento.gif,1,
114aeb3c-1bd9-4068-b19d-ea80a5222066,Agachamento (Drop-Set) (Smith),Agachamento no Smith.gif,1,
959607d1-f774-4b56-a96e-f55d3273f5c2,Agachamento (Isometria no Alongamento) (Barra),Agachamento Barra.gif,1,
835b2b0d-edcd-475c-89a4-8b7f090da76a,Agachamento (Isometria no Alongamento) (Halteres),Agachamento.gif,1,
926e1438-07e5-40cc-98e8-9472ffbc87e0,Agachamento (Isometria no Alongamento) (Smith),Agachamento no Smith.gif,1,
03bb80c8-814c-4fdd-ba81-73d40c8e2505,Agachamento (Isometria no Pico) (Barra),Agachamento Barra.gif,1,
eba0ca5f-8c3c-4876-bd5a-23f2a59b5766,Agachamento (Isometria no Pico) (Halteres),Agachamento.gif,1,
449ef5b7-9a63-46cc-9c20-2d0ebe3eb7f8,Agachamento (Isometria no Pico) (Smith),Agachamento no Smith.gif,1,
b1ddb47b-7945-4446-ac41-2ed718856331,Agachamento (Pausas 3x no percurso) (Barra),Agachamento Barra.gif,1,
43c1cabf-54e6-4d42-9848-b9cdb3fbc66f,Agachamento (Pausas 3x no percurso) (Halteres),Agachamento.gif,1,
357f5247-b16e-4e09-9e4f-a1291319e1f0,Agachamento (Pausas 3x no percurso) (Smith),Agachamento no Smith.gif,1,
1fc3f137-34e7-47c8-91b0-6ac268a0e565,Agachamento (Rest-Pause) (Barra),Agachamento Barra.gif,1,
f6e43365-f7b4-4cf0-848e-fc69237670a3,Agachamento (Rest-Pause) (Halteres),Agachamento.gif,1,
13e49faf-a861-4c6d-8e7d-acfc5aec8209,Agachamento (Rest-Pause) (Smith),Agachamento no Smith.gif,1,
b44f4d62-22bc-49a8-897b-6c46f846eb32,Agachamento (Tempo 3-1-1) (Barra),Agachamento Barra.gif,1,
41bd027a-63ab-44a5-8c5a-79b344961b8e,Agachamento (Tempo 3-1-1) (Halteres),Agachamento.gif,1,
a1fef9e3-a874-49cf-b7dc-64bc6f5802c4,Agachamento (Tempo 3-1-1) (Smith),Agachamento no Smith.gif,1,
64a080f0-506d-4aee-98c0-d64cf02ce1b7,Agachamento (Tempo 4-0-1) (Barra),Agachamento Barra.gif,1,
942e973e-5526-42f1-84d9-4611de2e3bd1,Agachamento (Tempo 4-0-1) (Halteres),Agachamento.gif,1,
d57694fa-8a01-47c1-998d-8ba341859341,Agachamento (Tempo 4-0-1) (Smith),Agachamento no Smith.gif,1,
58faa39b-8b1a-4853-ae4c-4a360a52dac3,Agachamento (Unilateral) (Barra),Agachamento Barra.gif,1,
d74879a8-17ce-4ca8-9f52-e510e97b8208,Agachamento (Unilateral) (Halteres),Agachamento.gif,1,
01a6cbd3-3df0-49bc-86c6-455c7ddf374e,Agachamento (Unilateral) (Smith),Agachamento no Smith.gif,1,
2e7ccaa1-6e9c-466d-9ce6-3dd98dc1c60d,Agachamento Frontal,Agachamento Frontal.gif,1,
2ad00ad0-9901-4761-a68e-47135bd5bd71,Agachamento Livre,Agachamento.gif,1,
4cbe3b39-ccd0-4b39-bb77-b1d3ff811eb1,Barra Fixa Pronada,Barra fixa.gif,1,
06984623-0d73-4389-af12-b97e9d3a0975,Barra Fixa Supinada,Barra fixa.gif,1,
39da427e-caac-4062-a74f-43610f84155d,Bike – Endurance (Zona 2),Bike.gif,1,
3f37be47-aad5-4118-9fa2-3790f7a14626,Bike – Sprint Intervalado,Bike.gif,1,
f26e3c6b-d183-4955-8481-8a98b565f6ba,Cadeira Extensora,Cadeira extensora.gif,1,
2e738363-096d-4ba2-b337-41954ad3b9dc,Cadeira Extensora (1 e 1/2 repetição) (Máquina),Cadeira extensora.gif,1,
5a95fc42-33d9-4d7b-a94d-1927036643be,Cadeira Extensora (Amplitude Parcial) (Máquina),Cadeira extensora.gif,1,
c040f467-8399-485c-a7de-909306369e9b,Cadeira Extensora (Drop-Set) (Máquina),Cadeira extensora.gif,1,
0460b2ed-8ff3-4688-829d-dbad2f366927,Cadeira Extensora (Isometria no Alongamento) (Máquina),Cadeira extensora.gif,1,
84011649-e8df-4670-ae78-04c5f0e37d3f,Cadeira Extensora (Isometria no Pico) (Máquina),Cadeira extensora.gif,1,
f5d9c0eb-8b19-467a-8514-3a5384b138dc,Cadeira Extensora (Pausas 3x no percurso) (Máquina),Cadeira extensora.gif,1,
30522fdd-af84-46a7-9012-41be424b9349,Cadeira Extensora (Rest-Pause) (Máquina),Cadeira extensora.gif,1,
7c8ba88a-0d57-4d3e-99af-7ce33dfdc758,Cadeira Extensora (Tempo 3-1-1) (Máquina),Cadeira extensora.gif,1,
96fe1857-fef1-40bb-8a4b-3ea5a2dbee6c,Cadeira Extensora (Tempo 4-0-1) (Máquina),Cadeira extensora.gif,1,
0d1adb3a-1343-4f97-9983-b6066191423b,Cadeira Extensora (Unilateral) (Máquina),Cadeira extensora.gif,1,
27dd75cd-f8d7-45ba-8dea-2c8cc9997506,Crucifixo Declinado com Halteres,Crucifixo com Halteres Declinado.gif,1,
04c8662f-29ab-4696-a060-e92294d786b8,Crucifixo Inclinado com Halteres,Crucifixo com Halteres Inclinado.gif,1,
b49e4471-e071-4416-88d7-6dda5d877886,Crucifixo Invertido (1 e 1/2 repetição) (Halteres),Crucifixo com halteres.gif,1,
597156f8-e9db-428d-825c-8380fac99dbc,Crucifixo Invertido (Amplitude Parcial) (Halteres),Crucifixo com halteres.gif,1,
441d173e-a8ba-44c5-94ed-2ae0effd9ec4,Crucifixo Invertido (Drop-Set) (Halteres),Crucifixo com halteres.gif,1,
c8c85963-0268-43a7-a390-7e809e09d27b,Crucifixo Invertido (Isometria no Alongamento) (Halteres),Crucifixo com halteres.gif,1,
da9c4601-2648-46fd-8d41-12ae68b01412,Crucifixo Invertido (Isometria no Pico) (Halteres),Crucifixo com halteres.gif,1,
0702a6eb-9b1e-4b77-a063-9493d1793bcb,Crucifixo Invertido (Pausas 3x no percurso) (Halteres),Crucifixo com halteres.gif,1,
31e22d34-458e-427b-b4c6-c307c00b8066,Crucifixo Invertido (Rest-Pause) (Halteres),Crucifixo com halteres.gif,1,
dce6a3d9-18c1-446e-af40-f8c177714644,Crucifixo Invertido (Tempo 3-1-1) (Halteres),Crucifixo com halteres.gif,1,
5a294546-e747-48fc-984a-7c944043cea7,Crucifixo Invertido (Tempo 4-0-1) (Halteres),Crucifixo com halteres.gif,1,
06b544a1-d874-42f3-8dc2-1145b44d6e5f,Crucifixo Invertido (Unilateral) (Halteres),Crucifixo com halteres.gif,1,
ac2bf7e8-f99c-4cf7-aa1e-44754a17542f,Crucifixo Reto com Halteres,Crucifixo com halteres.gif,1,
1dbb2cf0-b279-4287-a90f-a22e9048e07a,Desenvolvimento Arnold,Desenvolvimento Arnold.gif,1,
15e9e052-8605-4e1a-885f-c2c959794be8,Desenvolvimento Militar com Barra,Desenvolvimento militar com barra.gif,1,
2d3cff95-fad0-43dc-a4e5-7b7af72e05e5,Elevação Lateral (1 e 1/2 repetição) (Máquina),Elevação lateral na máquina.gif,1,
2db94527-fdba-44c0-acd4-4ca46e458a2d,Elevação Lateral (Amplitude Parcial) (Máquina),Elevação lateral na máquina.gif,1,
f5665165-5c0a-4050-aff1-58d4577cac76,Elevação Lateral (Drop-Set) (Máquina),Elevação lateral na máquina.gif,1,
c424b6ed-ac0f-4dad-beff-6a60ebb953da,Elevação Lateral (Isometria no Alongamento) (Máquina),Elevação lateral na máquina.gif,1,
801c079b-46d0-4a80-b25d-9fdb8bc80401,Elevação Lateral (Isometria no Pico) (Máquina),Elevação lateral na máquina.gif,1,
95db41e7-5f71-45ff-966a-12d74908594d,Elevação Lateral (Pausas 3x no percurso) (Máquina),Elevação lateral na máquina.gif,1,
0f1be405-bcc5-417c-979f-cdeae72e53ee,Elevação Lateral (Rest-Pause) (Máquina),Elevação lateral na máquina.gif,1,
5c51221c-31bc-4e66-8086-25d7e8b2c307,Elevação Lateral (Tempo 3-1-1) (Máquina),Elevação lateral na máquina.gif,1,
f86cfdd0-3c0a-4dc0-9653-690d08086207,Elevação Lateral (Tempo 4-0-1) (Máquina),Elevação lateral na máquina.gif,1,
9b0a26b9-727e-4c33-8301-070bf406833b,Elevação Lateral (Unilateral) (Máquina),Elevação lateral na máquina.gif,1,
f3ac0adc-d98d-42eb-a2bc-d536d2e6c6b9,Extensão de Tríceps Acima da Cabeça no Cabo,Extensão de tríceps.gif,1,
6d2bc8e9-ba77-48d4-adae-0b92cf4dc2ad,Face Pull,Face Pull.gif,1,
6bbac0f6-aa34-47ad-88d6-211a5a2e569e,Face Pull (Ênfase Rotação Externa),Face Pull.gif,1,
b305fbf7-71a6-45c2-ba40-e8047afe57b3,Face Pull com Rotação,Face Pull.gif,1,
739db794-6628-4aa4-aad0-a95557a605a5,Face Pull com Rotação (Variação 1),Face Pull.gif,1,
a7e62057-4cd7-4435-b95b-b4b06e4cd69b,Face Pull com Rotação (Variação 2),Face Pull.gif,1,
d901c41a-ac12-4150-93e3-349d35676c2f,Face Pull com Rotação (Variação 3),Face Pull.gif,1,
062aa257-9493-4da4-8b90-a9e9dea8499d,Leg Press (1 e 1/2 repetição) (Máquina),Leg Press.gif,1,
2cfb45a9-ad0a-44b9-b53f-bec3f40b5844,Leg Press (Amplitude Parcial) (Máquina),Leg Press.gif,1,
e9f9a634-ef5a-4398-9186-f83f054c6373,Leg Press (Drop-Set) (Máquina),Leg Press.gif,1,
c2d3dc37-fd14-4556-81fe-fa7f565a923b,Leg Press (Isometria no Alongamento) (Máquina),Leg Press.gif,1,
0a86ac53-9abe-418e-968e-576a31d90224,Leg Press (Isometria no Pico) (Máquina),Leg Press.gif,1,
fe9f1f04-0546-41b0-b837-0897292b9481,Leg Press (Pausas 3x no percurso) (Máquina),Leg Press.gif,1,
ae1f651a-ffe5-4acf-a7fe-4d7771b28206,Leg Press (Rest-Pause) (Máquina),Leg Press.gif,1,
ce9058c5-8a92-4895-b1e8-d85b4881e3c7,Leg Press (Tempo 3-1-1) (Máquina),Leg Press.gif,1,
e0b04142-4475-4507-a3e4-1a887d5f918b,Leg Press (Tempo 4-0-1) (Máquina),Leg Press.gif,1,
cc8f73ab-0cf7-4f56-bc23-68be41cf4ffa,Leg Press (Unilateral) (Máquina),Leg Press.gif,1,
2d486da1-11c9-4075-b3b2-5c411d27d4ad,Leg Press 45°,Leg Press.gif,1,
5cae4acc-c756-4ac0-b5d8-7118b6527f4b,Levantamento Terra Convencional,Levantamento Terra.gif,1,
fb3d9e64-d515-4c2e-a48c-82e9a8b4b5ca,Levantamento Terra Romeno,Levantamento Terra Romeno.gif,1,
e1c30fa9-84fd-4175-b360-2ad5a20597df,Mesa Flexora,Mesa flexora.gif,1,
80cb2a90-4ca8-401e-b3e2-e4c4fc076fcf,Mesa Flexora (1 e 1/2 repetição) (Máquina),Mesa flexora.gif,1,
b4c675ed-d825-4232-b476-80172600757c,Mesa Flexora (Amplitude Parcial) (Máquina),Mesa flexora.gif,1,
84200666-098c-4eb6-8561-5d60a37faa74,Mesa Flexora (Drop-Set) (Máquina),Mesa flexora.gif,1,
ee109a26-c649-4e66-9cb0-bf53a0559c35,Mesa Flexora (Isometria no Alongamento) (Máquina),Mesa flexora.gif,1,
e50be5de-e7a2-4d5f-88fc-786b3b528c34,Mesa Flexora (Isometria no Pico) (Máquina),Mesa flexora.gif,1,
7eb91466-3f63-498a-b8a1-19494ff05638,Mesa Flexora (Pausas 3x no percurso) (Máquina),Mesa flexora.gif,1,
e6a9e22f-afec-4014-b97a-f3c2f2e2cb77,Mesa Flexora (Rest-Pause) (Máquina),Mesa flexora.gif,1,
bb195785-0972-4afb-aef1-3c95bd081772,Mesa Flexora (Tempo 3-1-1) (Máquina),Mesa flexora.gif,1,
2c534fe3-b629-4ddb-9683-168175d2a4a0,Mesa Flexora (Tempo 4-0-1) (Máquina),Mesa flexora.gif,1,
b47b993b-da2a-41df-a874-7efa621ea4e2,Mesa Flexora (Unilateral) (Máquina),Mesa flexora.gif,1,
19ee09f2-dd45-4bb0-961f-840606874d95,Panturrilha em Pé (1 e 1/2 repetição) (Smith),Panturrilha em Pé no Smith.gif,1,
02c93da5-37a0-4c03-9f4b-8c075da7943c,Panturrilha em Pé (Amplitude Parcial) (Smith),Panturrilha em Pé no Smith.gif,1,
ed9f22b1-dcc2-4590-8dfc-eb81f8a93aaf,Panturrilha em Pé (Drop-Set) (Smith),Panturrilha em Pé no Smith.gif,1,
ccba9517-3c7c-478e-8499-48c4e66dc7a9,Panturrilha em Pé (Isometria no Alongamento) (Smith),Panturrilha em Pé no Smith.gif,1,
f5c5129e-12a4-4b3f-ac2e-ce4fdcfd723e,Panturrilha em Pé (Isometria no Pico) (Smith),Panturrilha em Pé no Smith.gif,1,
30070291-e182-416a-bb85-f607cf11012e,Panturrilha em Pé (Pausas 3x no percurso) (Smith),Panturrilha em Pé no Smith.gif,1,
51c89ece-5828-4fc0-8093-61e2f727faf0,Panturrilha em Pé (Rest-Pause) (Smith),Panturrilha em Pé no Smith.gif,1,
d6a529ed-9d9e-4f21-b1d1-365b6ea87d5d,Panturrilha em Pé (Tempo 3-1-1) (Smith),Panturrilha em Pé no Smith.gif,1,
3805d5b5-2602-415e-940b-ac365a4c3d16,Panturrilha em Pé (Tempo 4-0-1) (Smith),Panturrilha em Pé no Smith.gif,1,
bdd937b3-efe4-42f4-800f-14f862f88202,Panturrilha em Pé (Unilateral) (Smith),Panturrilha em Pé no Smith.gif,1,
27c672ac-3628-4910-a2db-2542891d8475,Remada (1 e 1/2 repetição) (Barra),Remada com barra.gif,1,
99384323-18f6-4776-8de7-7ea9ae0b9582,Remada (Amplitude Parcial) (Barra),Remada com barra.gif,1,
a9d4910a-dc38-4331-a844-e132d569cc5a,Remada (Drop-Set) (Barra),Remada com barra.gif,1,
017049c5-806b-4c6c-bd31-e0db0150c3a5,Remada (Isometria no Alongamento) (Barra),Remada com barra.gif,1,
b75f266e-3615-4c68-944a-a3ee75a5e793,Remada (Isometria no Pico) (Barra),Remada com barra.gif,1,
2d5d3f99-d19c-45f4-bf1c-4743557bf049,Remada (Pausas 3x no percurso) (Barra),Remada com barra.gif,1,
87cdb877-06e5-448c-a34c-5b71d29f520e,Remada (Rest-Pause) (Barra),Remada com barra.gif,1,
ba9c1a88-ab1b-4d13-929f-94f1a7a1c723,Remada (Tempo 3-1-1) (Barra),Remada com barra.gif,1,
a9ded474-e1a4-475b-af2f-20a23a59d28f,Remada (Tempo 4-0-1) (Barra),Remada com barra.gif,1,
b81c3084-b1b2-459a-9c6e-82447b49c0b0,Remada (Unilateral) (Barra),Remada com barra.gif,1,
37926327-36d4-48b2-ac8e-770f9ba4451e,Remada Alta no Cabo,Remada Alta com Cabo.gif,1,
af498cd6-4f13-4edd-9a2d-a484a3657e42,Remada Curvada com Barra,Remada Curvada com Barra.gif,1,
abb5fb5b-6e29-4439-9fef-acad5b9738f9,Rosca Alternada com Halteres,Rosca com halteres.gif,1,
723186f6-49b3-4dcc-a9c6-a06be73743a9,Rosca Direta (1 e 1/2 repetição) (Barra W),Rosca direta com barra w.gif,1,
4938fc3d-03c3-4fbd-9d0f-74b7d7042f9d,Rosca Direta (1 e 1/2 repetição) (Barra),Rosca Direta com Barra.gif,1,
8dd84223-ea01-4d46-b612-b58986f116a4,Rosca Direta (1 e 1/2 repetição) (Cabo/Polia),Rosca no Cabo.gif,1,
938bbd1c-98ec-4571-8a91-a379e9580b43,Rosca Direta (Amplitude Parcial) (Barra W),Rosca direta com barra w.gif,1,
891b7aa3-3685-4d77-b753-b19d9ba6005b,Rosca Direta (Amplitude Parcial) (Barra),Rosca Direta com Barra.gif,1,
090fc21d-4fc3-4bf5-ab0f-593d3c0bdbf6,Rosca Direta (Amplitude Parcial) (Cabo/Polia),Rosca no Cabo.gif,1,
98f2a604-a2bc-4ae4-b0ee-5ca4d8178067,Rosca Direta (Drop-Set) (Barra W),Rosca direta com barra w.gif,1,
36d33078-f0ad-4367-a34d-691b4751188f,Rosca Direta (Drop-Set) (Barra),Rosca Direta com Barra.gif,1,
5716f136-1c3d-4c37-ac90-c30cae4e6ec1,Rosca Direta (Drop-Set) (Cabo/Polia),Rosca no Cabo.gif,1,
e4e5b7fd-0ba6-4c7b-8ff0-1229bc4726e1,Rosca Direta (Isometria no Alongamento) (Barra W),Rosca direta com barra w.gif,1,
f24d468a-26a9-4038-a35f-4494c871fc9b,Rosca Direta (Isometria no Alongamento) (Barra),Rosca Direta com Barra.gif,1,
0c3a559e-0b0d-4ae9-aa71-d00daf4625d2,Rosca Direta (Isometria no Alongamento) (Cabo/Polia),Rosca no Cabo.gif,1,
ea2f0c4e-1f9f-46a7-950f-d90485d6652e,Rosca Direta (Isometria no Pico) (Barra W),Rosca direta com barra w.gif,1,
8287a917-e332-4dcd-9af5-1b63a3f90471,Rosca Direta (Isometria no Pico) (Barra),Rosca Direta com Barra.gif,1,
a3f53e25-64bc-4ae0-b3bf-b232b86c8c74,Rosca Direta (Isometria no Pico) (Cabo/Polia),Rosca no Cabo.gif,1,
87aad8d5-4c6c-4f79-9255-63387acf4424,Rosca Direta (Pausas 3x no percurso) (Barra W),Rosca direta com barra w.gif,1,
6f27370a-7b4d-42cd-9117-b4908696d8c7,Rosca Direta (Pausas 3x no percurso) (Barra),Rosca Direta com Barra.gif,1,
d122b5de-9b87-47a1-871f-30f038c24088,Rosca Direta (Pausas 3x no percurso) (Cabo/Polia),Rosca no Cabo.gif,1,
5fc9dec1-a2b6-47fe-8fd4-75e367a79883,Rosca Direta (Rest-Pause) (Barra W),Rosca direta com barra w.gif,1,
6eae3fb7-9c21-4fd6-8a1c-b2006dcb8c12,Rosca Direta (Rest-Pause) (Barra),Rosca Direta com Barra.gif,1,
548c0cc1-2173-48db-a777-ca5d5a328fe5,Rosca Direta (Rest-Pause) (Cabo/Polia),Rosca no Cabo.gif,1,
0610e990-b246-4409-9ead-8eac3c14bc52,Rosca Direta (Tempo 3-1-1) (Barra W),Rosca direta com barra w.gif,1,
0f5a723e-f7bb-4f4a-a6c9-37f85cf67776,Rosca Direta (Tempo 3-1-1) (Barra),Rosca Direta com Barra.gif,1,
73844ef0-59a1-4619-a90f-6a782766226a,Rosca Direta (Tempo 3-1-1) (Cabo/Polia),Rosca no Cabo.gif,1,
e0bc67c7-adb3-48c2-ae4a-428e3aa276ae,Rosca Direta (Tempo 4-0-1) (Barra W),Rosca direta com barra w.gif,1,
635206c9-1885-48da-8eed-dc20a1a54d40,Rosca Direta (Tempo 4-0-1) (Barra),Rosca Direta com Barra.gif,1,
9fe1546a-8ef3-49ea-8e75-62f10d9dc58c,Rosca Direta (Tempo 4-0-1) (Cabo/Polia),Rosca no Cabo.gif,1,
a5770347-c69e-4c5f-b09a-459b46e1a8a9,Rosca Direta (Unilateral) (Barra W),Rosca direta com barra w.gif,1,
5475218a-963b-4542-b0b0-5d73154e15df,Rosca Direta (Unilateral) (Barra),Rosca Direta com Barra.gif,1,
e179ed96-2b08-4dd8-969d-e7d6e6873380,Rosca Direta (Unilateral) (Cabo/Polia),Rosca no Cabo.gif,1,
8ac8e5d4-53db-4017-a618-7c7515b946ec,Rosca Direta com Barra,Rosca Direta com Barra.gif,1,
39f6d20b-eecb-4dd6-bebc-cf00c5fd7eb4,Rosca Direta com Barra W,Rosca direta com barra w.gif,1,
5612b80f-017d-4ad2-a46e-1f90fde437d1,Rosca Inclinada com Halteres,Rosca com halteres.gif,1,
fe583621-ea9b-4404-b355-2326ace56072,Rosca Martelo,Rosca martelo.gif,1,
bfcddb3b-4f59-4791-bfc1-234a77a4febe,Rosca Martelo (1 e 1/2 repetição) (Cabo/Polia),Rosca martelo.gif,1,
6aabfda6-f043-4ded-8f25-5e1e51591ba4,Rosca Martelo (1 e 1/2 repetição) (Halteres),Rosca com halteres.gif,1,
88592da7-950d-404a-a25e-1b50a7efc289,Rosca Martelo (Amplitude Parcial) (Cabo/Polia),Rosca martelo.gif,1,
f2d07c1e-dcca-48a6-9c90-dabd24104880,Rosca Martelo (Amplitude Parcial) (Halteres),Rosca com halteres.gif,1,
e2967dfc-0ab6-4087-839f-07d0f641fce1,Rosca Martelo (Drop-Set) (Cabo/Polia),Rosca martelo.gif,1,
75c17a7b-90ad-452f-8f8d-51b6e2958b45,Rosca Martelo (Drop-Set) (Halteres),Rosca com halteres.gif,1,
a5342d62-512b-4e80-b0b3-a86d8bbd7b7c,Rosca Martelo (Isometria no Alongamento) (Cabo/Polia),Rosca martelo.gif,1,
22bebc2d-2762-48b0-85da-074caeaa1671,Rosca Martelo (Isometria no Alongamento) (Halteres),Rosca com halteres.gif,1,
e8998894-1cd6-42e6-9cae-f70c1b84aa5c,Rosca Martelo (Isometria no Pico) (Cabo/Polia),Rosca martelo.gif,1,
714fde43-720e-40ac-b756-a0fe477d4539,Rosca Martelo (Isometria no Pico) (Halteres),Rosca com halteres.gif,1,
45e039da-9669-41fc-988a-d12be1af133c,Rosca Martelo (Pausas 3x no percurso) (Cabo/Polia),Rosca martelo.gif,1,
624fac8b-60f3-4fb0-8ae2-2eb45a6d3175,Rosca Martelo (Pausas 3x no percurso) (Halteres),Rosca com halteres.gif,1,
ad6ca6bc-4fae-42da-b899-761ad4f871f2,Rosca Martelo (Rest-Pause) (Cabo/Polia),Rosca martelo.gif,1,
4fb8cdd8-978a-4bae-985e-f2714f309084,Rosca Martelo (Rest-Pause) (Halteres),Rosca com halteres.gif,1,
bf7fd9b3-85b2-43c7-bd91-0ee98e6f73ae,Rosca Martelo (Tempo 3-1-1) (Cabo/Polia),Rosca martelo.gif,1,
f488413a-030d-46b6-a1fc-549781eec886,Rosca Martelo (Tempo 3-1-1) (Halteres),Rosca com halteres.gif,1,
bc1ba878-732c-4d0e-bd15-ee089ed32599,Rosca Martelo (Tempo 4-0-1) (Cabo/Polia),Rosca martelo.gif,1,
e3421a87-3d17-486b-8998-057f7d38cc8e,Rosca Martelo (Tempo 4-0-1) (Halteres),Rosca com halteres.gif,1,
d9532916-2466-4d50-a48f-66a32cc93b1f,Rosca Martelo (Unilateral) (Cabo/Polia),Rosca martelo.gif,1,
ab6e37af-3248-4720-9904-db86a5a055cf,Rosca Martelo (Unilateral) (Halteres),Rosca com halteres.gif,1,
7f909906-9c34-4398-87ed-078dea63fec6,Rosca no Cabo (Barra Reta),Rosca com barra.gif,1,
e19743cb-32f1-4a2d-a0d3-7e27b562d51c,Rotação Externa Ombro Polia,Rotação externa do ombro.gif,1,
24d1d2db-f3ba-401f-b74e-4da4af99d899,Rotação Externa Ombro Polia (Variação 1),Rotação externa do ombro.gif,1,
3cfb8560-7d96-4bc6-bb9e-d0b238b32ced,Rotação Externa Ombro Polia (Variação 2),Rotação externa do ombro.gif,1,
96f2a3b4-43d6-4e04-84dd-af42fe70c3e5,Rotação Externa Ombro Polia (Variação 3),Rotação externa do ombro.gif,1,
f9abd15e-9875-4efa-a573-a5e4059c5d6a,Stiff (1 e 1/2 repetição) (Barra),Stiff com barra.gif,1,
fbaa9969-26fe-4171-92e1-90df52b7871e,Stiff (Amplitude Parcial) (Barra),Stiff com barra.gif,1,
a292bab5-2ba0-4af5-a269-5a0139ba66d9,Stiff (Drop-Set) (Barra),Stiff com barra.gif,1,
24bdf43e-7a52-4c7e-9196-8f03e4dd7b11,Stiff (Isometria no Alongamento) (Barra),Stiff com barra.gif,1,
5b166b49-4dff-43d4-972a-2d1a1cc4c746,Stiff (Isometria no Pico) (Barra),Stiff com barra.gif,1,
dff55548-8148-482d-9133-c2c0a2255420,Stiff (Pausas 3x no percurso) (Barra),Stiff com barra.gif,1,
672051ee-43b9-4e23-9572-b2e29ef38cf8,Stiff (Rest-Pause) (Barra),Stiff com barra.gif,1,
f3b11003-9f45-48de-a6a8-9cd8fe550b66,Stiff (Tempo 3-1-1) (Barra),Stiff com barra.gif,1,
bdc87536-7c84-4285-b29f-5faa3e015c1a,Stiff (Tempo 4-0-1) (Barra),Stiff com barra.gif,1,
43f1673d-6df0-4a6d-a1dc-8e884be06743,Stiff (Unilateral) (Barra),Stiff com barra.gif,1,
b5313d5b-a286-46d3-9498-65c96b6f7f03,Stiff com Barra,Stiff com barra.gif,1,
0fd08d75-6b64-40d1-b031-69e141514e4a,Supino Declinado com Barra,Supino com barra declinado.gif,1,
4ebc287d-83b9-4122-ac7b-e2937f60f046,Supino Declinado com Halteres,Supino Declinado com Halteres.gif,1,
e12d059a-80e5-4ca3-98eb-a643e2bb92cf,Supino Fechado com Barra,Supino Fechado.gif,1,
3c3d155e-70a6-4e18-962a-247fb6bbe1de,Supino Inclinado (1 e 1/2 repetição) (Barra),Supino inclinado com barra.gif,1,
6bec9037-4fcc-49b3-b4f8-6591ec35fe83,Supino Inclinado (1 e 1/2 repetição) (Halteres),Supino Inclinado com Halteres.gif,1,
d5e25a7e-964a-45f5-87e4-de51683be0f2,Supino Inclinado (1 e 1/2 repetição) (Máquina),Supino inclinado na máquina.gif,1,
f7defe2a-6a63-47cb-89e2-14b42f179e35,Supino Inclinado (Amplitude Parcial) (Barra),Supino inclinado com barra.gif,1,
20c72844-08b0-416f-84e8-6923fe2b2ec2,Supino Inclinado (Amplitude Parcial) (Halteres),Supino Inclinado com Halteres.gif,1,
6ebfa573-d254-4f93-822d-7b57e8944f1b,Supino Inclinado (Amplitude Parcial) (Máquina),Supino inclinado na máquina.gif,1,
ae2ea67b-2793-44a8-ad12-9f3a2f442f54,Supino Inclinado (Drop-Set) (Barra),Supino inclinado com barra.gif,1,
e382a635-0ccd-4625-b3c8-abd7e3d9d596,Supino Inclinado (Drop-Set) (Halteres),Supino Inclinado com Halteres.gif,1,
8b206d8c-5aeb-4260-83f9-a707c248c156,Supino Inclinado (Drop-Set) (Máquina),Supino inclinado na máquina.gif,1,
befe520a-e785-445b-83a8-351e476c54b6,Supino Inclinado (Isometria no Alongamento) (Barra),Supino inclinado com barra.gif,1,
47bb51e7-70c1-4a68-9748-6ab06242ab3e,Supino Inclinado (Isometria no Alongamento) (Halteres),Supino Inclinado com Halteres.gif,1,
85b725de-9a07-4531-86d9-c3b5eacaaf78,Supino Inclinado (Isometria no Alongamento) (Máquina),Supino inclinado na máquina.gif,1,
5960e7b6-f273-4614-9ffc-ee9f8fc4c140,Supino Inclinado (Isometria no Pico) (Barra),Supino inclinado com barra.gif,1,
abe974b4-7ce4-42d5-bf6b-8b4942e7ff62,Supino Inclinado (Isometria no Pico) (Halteres),Supino Inclinado com Halteres.gif,1,
6eccea67-a52f-46d0-b77b-0b5c9b1c1ab2,Supino Inclinado (Isometria no Pico) (Máquina),Supino inclinado na máquina.gif,1,
e08c98e9-3122-4375-85d0-d3b481ddbade,Supino Inclinado (Pausas 3x no percurso) (Barra),Supino inclinado com barra.gif,1,
ea0828ba-3f95-44a9-a86f-43d51977b5e0,Supino Inclinado (Pausas 3x no percurso) (Halteres),Supino Inclinado com Halteres.gif,1,
b46855b3-3273-422e-b8c4-fcf5870a5902,Supino Inclinado (Pausas 3x no percurso) (Máquina),Supino inclinado na máquina.gif,1,
5f6ee7d8-94ac-4161-a778-9dc0d1947960,Supino Inclinado (Rest-Pause) (Barra),Supino inclinado com barra.gif,1,
0419216c-233f-464a-a571-d6221b49475a,Supino Inclinado (Rest-Pause) (Halteres),Supino Inclinado com Halteres.gif,1,
48703f4a-8641-46c8-886a-96c193e947f2,Supino Inclinado (Rest-Pause) (Máquina),Supino inclinado na máquina.gif,1,
55c2d40e-60d4-409f-b8c1-19284be76fd5,Supino Inclinado (Tempo 3-1-1) (Barra),Supino inclinado com barra.gif,1,
1121bab6-e7ff-430c-9974-c6629291b2c1,Supino Inclinado (Tempo 3-1-1) (Halteres),Supino Inclinado com Halteres.gif,1,
ebbf63f3-974e-412d-9359-3176c32315b5,Supino Inclinado (Tempo 3-1-1) (Máquina),Supino inclinado na máquina.gif,1,
200dabcc-c5f4-44fc-940c-850736b201d5,Supino Inclinado (Tempo 4-0-1) (Barra),Supino inclinado com barra.gif,1,
35159ecf-8e87-46df-8b0a-b39a26871467,Supino Inclinado (Tempo 4-0-1) (Halteres),Supino Inclinado com Halteres.gif,1,
98102d08-d947-4800-84e6-d3cf6862f73e,Supino Inclinado (Tempo 4-0-1) (Máquina),Supino inclinado na máquina.gif,1,
b30552e0-109f-4aa6-81cc-6a815f26ba77,Supino Inclinado (Unilateral) (Barra),Supino inclinado com barra.gif,1,
ed22bd9e-5824-43d5-a53d-86718b61f417,Supino Inclinado (Unilateral) (Halteres),Supino Inclinado com Halteres.gif,1,
778c89e0-57c8-4af6-a1bf-c968d5ffb57a,Supino Inclinado (Unilateral) (Máquina),Supino inclinado na máquina.gif,1,
07fbe12f-e149-4e46-8432-bbaa793b540b,Supino Inclinado com Barra,Supino inclinado com barra.gif,1,
109ce95f-eadd-462c-b290-a0377fd21806,Supino Inclinado com Halteres,Supino Inclinado com Halteres.gif,1,
cd9dceb6-4dc6-4146-9d1b-d6043ab9f4ce,Supino Reto (1 e 1/2 repetição) (Barra),Supino Reto.gif,1,
f1dedd30-f222-442d-8539-16839e9c01ee,Supino Reto (1 e 1/2 repetição) (Halteres),Supino com Halteres.gif,1,
3e0fd58b-bf87-4b9c-8971-a92cf118400a,Supino Reto (1 e 1/2 repetição) (Máquina),Supino Reto na Máquina.gif,1,
4197e077-0bfd-4114-acde-2ae99c73b127,Supino Reto (1 e 1/2 repetição) (Smith),Supino Reto.gif,1,
d233319a-7ed3-4bbe-ab5c-0b5f91b6272d,Supino Reto (Amplitude Parcial) (Barra),Supino Reto.gif,1,
dcdfe5bc-2be6-4401-990a-02ec2e918523,Supino Reto (Amplitude Parcial) (Halteres),Supino com Halteres.gif,1,
9146816c-3434-4025-a00d-876c90fb72d5,Supino Reto (Amplitude Parcial) (Máquina),Supino Reto na Máquina.gif,1,
2464f911-4667-454c-91d8-493751b1ce80,Supino Reto (Amplitude Parcial) (Smith),Supino Reto.gif,1,
31abc1cb-ea8f-499c-b2e2-0ecd9aa00d71,Supino Reto (Drop-Set) (Barra),Supino Reto.gif,1,
636ba9cd-c42a-4658-8a01-dc884f1d5a1e,Supino Reto (Drop-Set) (Halteres),Supino com Halteres.gif,1,
4907136c-f5ff-4d3a-88fb-434e932107b4,Supino Reto (Drop-Set) (Máquina),Supino Reto na Máquina.gif,1,
3b43297c-826a-4f35-a50a-4c71b7882fdf,Supino Reto (Drop-Set) (Smith),Supino Reto.gif,1,
4223e669-b5bc-4600-b111-301f2da0cf8f,Supino Reto (Isometria no Alongamento) (Barra),Supino Reto.gif,1,
4edf1dc8-4273-4606-b33f-2d04c22b93bc,Supino Reto (Isometria no Alongamento) (Halteres),Supino com Halteres.gif,1,
45911138-e0e0-4376-a12b-93adcaba00e1,Supino Reto (Isometria no Alongamento) (Máquina),Supino Reto na Máquina.gif,1,
b3b8c75a-9ac5-4bdb-9d98-249f4acdb650,Supino Reto (Isometria no Alongamento) (Smith),Supino Reto.gif,1,
fc51fce3-d643-4bda-9bb7-6f5130d3eeb1,Supino Reto (Isometria no Pico) (Barra),Supino Reto.gif,1,
76a1cbf9-fd92-4e75-80f9-e96837c85e3b,Supino Reto (Isometria no Pico) (Halteres),Supino com Halteres.gif,1,
bc27cf8e-c0fc-4f04-9806-b1355610022f,Supino Reto (Isometria no Pico) (Máquina),Supino Reto na Máquina.gif,1,
a1e78819-5df3-44d6-be1b-a776ee0b05ff,Supino Reto (Isometria no Pico) (Smith),Supino Reto.gif,1,
15c4c691-14ba-4294-b5b6-78ed460495b5,Supino Reto (Pausas 3x no percurso) (Barra),Supino Reto.gif,1,
a923d1f4-4c2f-4851-a8c6-d65712ea2e0c,Supino Reto (Pausas 3x no percurso) (Halteres),Supino com Halteres.gif,1,
31d9564f-f23f-4617-976f-dfe59ef371f0,Supino Reto (Pausas 3x no percurso) (Máquina),Supino Reto na Máquina.gif,1,
227920fb-8412-45c1-8f35-6cf78af98046,Supino Reto (Pausas 3x no percurso) (Smith),Supino Reto.gif,1,
6d839450-7717-438c-9810-a6f6d467a4fc,Supino Reto (Rest-Pause) (Barra),Supino Reto.gif,1,
6f51d9c7-49f9-4644-941d-69210dde0cd0,Supino Reto (Rest-Pause) (Halteres),Supino com Halteres.gif,1,
4a1800d3-96fd-4c30-bce8-0243b5cfcf32,Supino Reto (Rest-Pause) (Máquina),Supino Reto na Máquina.gif,1,
84ea76c1-9387-4cdb-9321-8944a4a846aa,Supino Reto (Rest-Pause) (Smith),Supino Reto.gif,1,
2c97c4db-bad4-43dd-9d9a-af90154777c7,Supino Reto (Tempo 3-1-1) (Barra),Supino Reto.gif,1,
3466c447-3838-451c-ab46-ed0f8ca0e977,Supino Reto (Tempo 3-1-1) (Halteres),Supino com Halteres.gif,1,
c93b5ca2-2f8f-4b83-be2f-a9c0cf3cc52c,Supino Reto (Tempo 3-1-1) (Máquina),Supino Reto na Máquina.gif,1,
b94ff754-bac1-4e42-822b-6743eb5bb432,Supino Reto (Tempo 3-1-1) (Smith),Supino Reto.gif,1,
c29aae38-f3bd-4895-935a-07c4df9cc800,Supino Reto (Tempo 4-0-1) (Barra),Supino Reto.gif,1,
c9e1495c-f131-44de-a1d7-32eab95863f4,Supino Reto (Tempo 4-0-1) (Halteres),Supino com Halteres.gif,1,
16e9c7d4-0008-422e-a814-08bf46c637ac,Supino Reto (Tempo 4-0-1) (Máquina),Supino Reto na Máquina.gif,1,
dcc276a5-d98e-4ef1-95d1-f1563bc56516,Supino Reto (Tempo 4-0-1) (Smith),Supino Reto.gif,1,
8af2ece3-5e8e-4797-9c6c-72383297b2eb,Supino Reto (Unilateral) (Barra),Supino Reto.gif,1,
800fb33a-f48c-4f8e-9fe2-bad2faab8103,Supino Reto (Unilateral) (Halteres),Supino com Halteres.gif,1,
cc90976a-dba8-4195-b9f3-defe0054aee4,Supino Reto (Unilateral) (Máquina),Supino Reto na Máquina.gif,1,
ff638149-9882-4e03-b121-18f67ffa8d31,Supino Reto (Unilateral) (Smith),Supino Reto.gif,1,
8dc225e3-7a35-4a7a-a006-467bdb14e5db,Supino Reto com Barra,Supino Reto.gif,1,
efde6b5f-c5cd-4bd3-b9bc-b0613f18ff43,Supino Reto com Halteres,Supino com Halteres.gif,1,
f9ab833f-07d9-4a01-8822-ebb5b8f70544,Supino Reto no Smith,Supino Reto.gif,1,
f6a9fa41-b2e4-4664-918e-0d2c67e7afcf,Tríceps Testa (1 e 1/2 repetição) (Barra W),Tríceps testa com barra.gif,1,
5627ee17-bdf1-4f39-a264-296549153fb8,Tríceps Testa (1 e 1/2 repetição) (Barra),Tríceps testa com barra.gif,1,
1580bcea-f1b5-439d-a5e1-c76ba7d72461,Tríceps Testa (Amplitude Parcial) (Barra W),Tríceps testa com barra.gif,1,
d98bf15b-c6b6-4ef5-813c-e7bc8b0f4149,Tríceps Testa (Amplitude Parcial) (Barra),Tríceps testa com barra.gif,1,
8f7164ce-aafc-446b-9d75-be62e4f42fc6,Tríceps Testa (Drop-Set) (Barra W),Tríceps testa com barra.gif,1,
217ecf0b-d878-4e26-ba7c-e2517782c67f,Tríceps Testa (Drop-Set) (Barra),Tríceps testa com barra.gif,1,
abaef378-f3f3-4ff0-bce7-6e1cf42c3e45,Tríceps Testa (Isometria no Alongamento) (Barra W),Tríceps testa com barra.gif,1,
b5ddc4a4-16ca-4cf1-9e2e-7ebacaa9b0d9,Tríceps Testa (Isometria no Alongamento) (Barra),Tríceps testa com barra.gif,1,
8d4cbb0c-094a-4d4d-bf49-54308fd1b15a,Tríceps Testa (Isometria no Pico) (Barra W),Tríceps testa com barra.gif,1,
44d62ca0-2200-4f6d-bc02-386f8fd10695,Tríceps Testa (Isometria no Pico) (Barra),Tríceps testa com barra.gif,1,
6a152236-854d-4681-b6cd-f2ddfcd6a91d,Tríceps Testa (Pausas 3x no percurso) (Barra W),Tríceps testa com barra.gif,1,
0f1970c2-f9aa-418a-a7e1-c88e4903266e,Tríceps Testa (Pausas 3x no percurso) (Barra),Tríceps testa com barra.gif,1,
3b7e7f5d-cf87-48ba-a724-75d0afcfd5e6,Tríceps Testa (Rest-Pause) (Barra W),Tríceps testa com barra.gif,1,
af9644e1-85f4-45ca-a9c5-16dd8f4fa4fd,Tríceps Testa (Rest-Pause) (Barra),Tríceps testa com barra.gif,1,
ac905336-368f-47b1-a39c-c0a279975adb,Tríceps Testa (Tempo 3-1-1) (Barra W),Tríceps testa com barra.gif,1,
eda22874-4c09-43f6-99e3-7f59b5f7e9aa,Tríceps Testa (Tempo 3-1-1) (Barra),Tríceps testa com barra.gif,1,
ad1cfbe3-cd41-4612-92c1-a452019b273f,Tríceps Testa (Tempo 4-0-1) (Barra W),Tríceps testa com barra.gif,1,
10ee0f53-0cfb-42ef-a9f4-f88538acb2eb,Tríceps Testa (Tempo 4-0-1) (Barra),Tríceps testa com barra.gif,1,
c1cf75a7-dde0-4cf3-ad40-bd1936e81f39,Tríceps Testa (Unilateral) (Barra W),Tríceps testa com barra.gif,1,
77456273-2443-4b71-959e-a4bd5e05eaa9,Tríceps Testa (Unilateral) (Barra),Tríceps testa com barra.gif,1,
8699f17d-f288-4b4a-b2d8-2f3817b63433,Tríceps Testa com Barra W,Tríceps testa com barra.gif,1,